Workbook

Sheet Employee Data
A1: Employee ID | B1: Name | C1: Age | D1: Gender | E1: Department | F1: Salary | G1: Joining Date
A2: 1 | B2: Neha | C2: 23 | D2: Female | E2: Sales | F2: 39157 | G2: 01-01-2022
A3: 2 | B3: Neha 2 | C3: 56 | D3: Male | E3: Finance | F3: 66912 | G3: 01-01-2024
A4: 3 | B4: Rajesh_3 | C4: 27 | D4: Male | E4: Sales | F4: 45779 | G4: 01-01-2024
A5: 4 | B5: Suresh_4 | C5: 56 | D5: Female | E5: Sales | F5: 59359 | G5: 01-01-2020
A6: 5 | B6: Rajesh_5 | C6: 32 | D6: Female | E6: IT | F6: 54552 | G6: 01-01-2022
A7: 6 | B7: Suresh_6 | C7: 43 | D7: Male | E7: HR | F7: 46724 | G7: 01-01-2023
A8: 7 | B8: Sneha_7 | C8: 44 | D8: Female | E8: HR | F8: 52955 | G8: 01-01-2017
A9: 8 | B9: Neha_8 | C9: 46 | D9: Male | E9: Finance | F9: 59803 | G9: 01-01-2019
A10: 9 | B10: Suresh_9 | C10: 26 | D10: Male | E10: Operations | F10: 38733 | G10: 01-01-2020
A11: 10 | B11: Amit_10 | C11: 36 | D11: Male | E11: Marketing | F11: 48554 | G11: 01-01-2017
A12: 11 | B12: Sneha_11 | C12: 32 | D12: Female | E12: IT | F12: 53432 | G12: 01-01-2020
A13: 12 | B13: Amit_12 | C13: 60 | D13: Male | E13: Finance | F13: 73946 | G13: 01-01-2021
... A51: 50 | B51: Divya_50 | C51: 38 | D51: Female | E51: Sales | F51: 54004 | G51: 01-01-2020

Sheet Analysis
A1: Employee Demographic Analysis Report
A3: TASK 1: Employee Distribution by Department | D3: KEY STATISTICS
A4: Department | B4: Count | C4: Percentage | D4: Total Employees | E4: =COUNTA('Employee Data'!A2:A51) -> 50
A5: HR | B5: =COUNTIF('Employee Data'!E:E,A5) -> 9 | C5: =B5/COUNTA('Employee Data'!E2:E51) -> 0.18 | D5: Male Employees | E5: =COUNTIF('Employee Data'!D:D,"Male") -> 28
A6: Sales | B6: =COUNTIF('Employee Data'!E:E,A6) -> 10 | C6: =B6/COUNTA('Employee Data'!E2:E51) -> 0.2 | D6: Female Employees | E6: =COUNTIF('Employee Data'!D:D,"Female") -> 22
A7: IT | B7: =COUNTIF('Employee Data'!E:E,A7) -> 8 | C7: =B7/COUNTA('Employee Data'!E2:E51) -> 0.16 | D7: Average Age | E7: =AVERAGE('Employee Data'!C2:C51) -> 41.28
A8: Marketing | B8: =COUNTIF('Employee Data'!E:E,A8) -> 7 | C8: =B8/COUNTA('Employee Data'!E2:E51) -> 0.14 | D8: Average Salary (₹) | E8: =AVERAGE('Employee Data'!F2:F51) -> 53187.48
A9: Finance | B9: =COUNTIF('Employee Data'!E:E,A9) -> 8 | C9: =B9/COUNTA('Employee Data'!E2:E51) -> 0.16 | D9: Highest Salary (₹) | E9: =MAX('Employee Data'!F2:F51) -> 73946
A10: Operations | B10: =COUNTIF('Employee Data'!E:E,A10) -> 8 | C10: =B10/COUNTA('Employee Data'!E2:E51) -> 0.16 | D10: Lowest Salary (₹) | E10: =MIN('Employee Data'!F2:F51) -> 37622
A11: Total | B11: =SUM(B5:B10) -> 50
A14: TASK 3: Average Salary by Department
A15: Department | B15: Average Salary (₹)
A16: HR | B16: =AVERAGEIF('Employee Data'!E:E,A16,'Employee Data'!F:F) -> 47441.778
A17: Sales | B17: =AVERAGEIF('Employee Data'!E:E,A17,'Employee Data'!F:F) -> 49050
A18: IT | B18: =AVERAGEIF('Employee Data'!E:E,A18,'Employee Data'!F:F) -> 59408.125
A19: Marketing | B19: =AVERAGEIF('Employee Data'!E:E,A19,'Employee Data'!F:F) -> 52269.143
A20: Finance | B20: =AVERAGEIF('Employee Data'!E:E,A20,'Employee Data'!F:F) -> 65122.25
A21: Operations | B21: =AVERAGEIF('Employee Data'!E:E,A21,'Employee Data'!F:F) -> 47471.375
A23: Gender Distribution
A24: Gender | B24: Count | C24: Percentage
A25: Male | B25: =COUNTIF('Employee Data'!D:D,A25) -> 28 | C25: =B25/COUNTA('Employee Data'!D2:D51) -> 0.56
A26: Female | B26: =COUNTIF('Employee Data'!D:D,A26) -> 22 | C26: =B26/COUNTA('Employee Data'!D2:D51) -> 0.44
A30: Age Group Distribution
A31: Age Range | B31: Count
A32: 20-30 | B32: =COUNTIFS('Employee Data'!C:C,">=20",'Employee Data'!C:C,"<=30") -> 11
A33: 31-40 | B33: =COUNTIFS('Employee Data'!C:C,">=31",'Employee Data'!C:C,"<=40") -> 11
A34: 41-50 | B34: =COUNTIFS('Employee Data'!C:C,">=41",'Employee Data'!C:C,"<=50") -> 17
A35: 51-60 | B35: =COUNTIFS('Employee Data'!C:C,">=51",'Employee Data'!C:C,"<=60") -> 11

Sheet Charts
A1: Data Visualizations And charts

Sheet Summary
A1: Employee Demographic Analysis
A3: Project
A4: Understand and analyze the demographic distribution of employees across different departments, genders, age groups, and salary ranges in the organization.
A8: Dataset Overview:
A10: Columns: Employee ID, Name, Age, Gender, Department, Salary, Joining Date
A11: Departments: HR, Sales, IT, Marketing, Finance, Operations
A14: Analysis Performed:
A15: Task 1: Distribution of employees across departments
A16: Task 2: Gender split and age distribution visualization (see Charts sheet)
A17: Task 3: Average salary by department analysis
